USE AIRPORT


INSERT INTO PLANE_TYPE VALUES('Airbus A320', 150, 56800)
INSERT INTO PLANE_TYPE VALUES('Airbus A330', 250, 93500)
INSERT INTO PLANE_TYPE VALUES('Airbus A340', 377, 168000)
INSERT INTO PLANE_TYPE VALUES('Airbus A350', 350, 163000)
INSERT INTO PLANE_TYPE VALUES('Airbus A380', 555, 277000)
INSERT INTO PLANE_TYPE VALUES('Boeing 737', 200, 68700)
INSERT INTO PLANE_TYPE VALUES('Boeing 747', 400, 220100)
INSERT INTO PLANE_TYPE VALUES('Boeing 767', 375, 135000)
INSERT INTO PLANE_TYPE VALUES('Boeing 777', 550, 168000)
INSERT INTO PLANE_TYPE VALUES('Boeing 787', 330, 135500)
INSERT INTO PLANE_TYPE VALUES('Comac ARJ21', 170, 48000)
INSERT INTO PLANE_TYPE VALUES('Comac C919', 250, 42000)
INSERT INTO PLANE_TYPE VALUES('Phenom 100', 4, 3745)
INSERT INTO PLANE_TYPE VALUES('Cessna CJ2', 6, 4700)
INSERT INTO PLANE_TYPE VALUES('Cessna XLS', 8, 7500)
INSERT INTO PLANE_TYPE VALUES('Embraer 500', 12, 12555)
INSERT INTO PLANE_TYPE VALUES('Embraer 600', 14, 17355)
INSERT INTO PLANE_TYPE VALUES('Hawker 4000', 9, 8650)
INSERT INTO PLANE_TYPE VALUES('Hawker 850XP', 8, 7300)
INSERT INTO PLANE_TYPE VALUES('Dassault 8X', 14, 22500)



INSERT INTO CORPORATION VALUES('OLDSLFO', 'Emirates', '63 East Edgewood Avenue, Palm Harbor, FL', 0483161315)
INSERT INTO CORPORATION VALUES('VJJA1KZ', 'Spring Japan', '82 Brandywine Drive, Euless, TX', 0479062021)
INSERT INTO CORPORATION VALUES('8I5H7AS', 'Singapore Airlines', '32 Manhattan Road, Southfield, MI', 0483880474)
INSERT INTO CORPORATION VALUES('KIERO4J', 'Turkish Airlines', '576 Rock Creek Drive, Farmington, MI', 0444557750)
INSERT INTO CORPORATION VALUES('042ACM1', 'Shanghai Airlines', '10 Wakehurst, St.Hollis, NY', 0449555520)
INSERT INTO CORPORATION VALUES('29GCW7K', 'Qatar Airways', '3 E. Bay Drive, Wyandotte, MI', 0448571839)
INSERT INTO CORPORATION VALUES('YB70MST', 'Pakistan International Airline', '47 Third Drive, Ephrata, PA', 0493559278)
INSERT INTO CORPORATION VALUES('SVLGL6F', 'Pegasus Airlines', '9781 Briarwood, St. Gettysburg, PA', 0493331397)
INSERT INTO CORPORATION VALUES('EPSUO5G', 'Oman Air', '7727 Albany Court, Glen Ellyn, IL', 0493217765)
INSERT INTO CORPORATION VALUES('B0NP3NQ', 'Lufthansa', '96 Foster Avenue, Jenison, MI', 0493653417)
INSERT INTO CORPORATION VALUES('07LVMCV', 'Hong Kong Airlines', '669 Durham Road, Lansdowne, PA', 0493008620)
INSERT INTO CORPORATION VALUES('BATGSJM', 'Gulf Air', '90 SW. Miles, Court Taunton, MA', 0493421634)
INSERT INTO CORPORATION VALUES('3MTP20G', 'British Airways', '95 Applegate Court, Winter Garden, FL', 0412249697)
INSERT INTO CORPORATION VALUES('VC64CNY', 'Air New Zealand', '592 Beaver Ridge St.Boca, Raton, FL', 0479070623)
INSERT INTO CORPORATION VALUES('D4BRN89', 'Royal Jordanian', '1 Wakehurst Lane, Macomb, MI', 0440050583)
INSERT INTO CORPORATION VALUES('W9DJCX4', 'Norwegian Air International', '148 Andover, St.Jenison, MI', 0436639940)
INSERT INTO CORPORATION VALUES('436MRWH', 'Malaysia Airlines', '9548 West St.Oak, Lawn, IL', 0447420301) 
INSERT INTO CORPORATION VALUES('QQ135ZH', 'Luxair', '681 Peninsula St.North, Miami Beach, FL', 0479094022)
INSERT INTO CORPORATION VALUES('RMBZ0EY', 'Korean Air', '91 Old University St. South, Ozone Park, NY', 0483283979)
INSERT INTO CORPORATION VALUES('1B9X6OO', 'Hong Kong Airlines', '925 Honey Creek Avenue, Gurnee, IL', 0457536510)



INSERT INTO HANGAR VALUES(21, 4, 'Los Angeles, CA', 'OLDSLFO')
INSERT INTO HANGAR VALUES(22, 3, 'Chicago, IL', 'BATGSJM')
INSERT INTO HANGAR VALUES(33, 2, 'Seattle, WA', '29GCW7K')
INSERT INTO HANGAR VALUES(44, 3, 'Los Angeles, CA', '29GCW7K')
INSERT INTO HANGAR VALUES(13, 5, 'Chicago, IL', NULL)
INSERT INTO HANGAR VALUES(66, 6, 'Seattle, WA', '3MTP20G')
INSERT INTO HANGAR VALUES(57, 4, 'Los Angeles, CA', NULL)
INSERT INTO HANGAR VALUES(48, 2, 'Chicago, IL', 'YB70MST')
INSERT INTO HANGAR VALUES(93, 1, 'Miami, FL', 'OLDSLFO')
INSERT INTO HANGAR VALUES(10, 4, 'Miami, FL', '3MTP20G')
INSERT INTO HANGAR VALUES(71, 4, 'Los Angeles, CA', 'RMBZ0EY')
INSERT INTO HANGAR VALUES(42, 2, 'Seattle, WA', 'KIERO4J')
INSERT INTO HANGAR VALUES(63, 3, 'Houston, TX', 'BATGSJM')
INSERT INTO HANGAR VALUES(24, 5, 'Dallas, TX', '3MTP20G')
INSERT INTO HANGAR VALUES(95, 3, 'Atlanta, GA', NULL)
INSERT INTO HANGAR VALUES(36, 2, 'Houston, TX', 'B0NP3NQ')
INSERT INTO HANGAR VALUES(55, 3, 'Chicago, IL', '29GCW7K')
INSERT INTO HANGAR VALUES(18, 1, 'Miami, FL', 'BATGSJM')
INSERT INTO HANGAR VALUES(79, 7, 'Atlanta, GA', 'YB70MST')
INSERT INTO HANGAR VALUES(50, 2, 'Chicago, IL', 'OLDSLFO')



INSERT INTO AIRPLANE VALUES(1111, 'Airbus A380', 18)
INSERT INTO AIRPLANE VALUES(2222, 'Comac ARJ21', 93)
INSERT INTO AIRPLANE VALUES(3333, 'Boeing 747', 48)
INSERT INTO AIRPLANE VALUES(4444, 'Embraer 500', 79)
INSERT INTO AIRPLANE VALUES(5555, 'Embraer 600', 24)
INSERT INTO AIRPLANE VALUES(6666, 'Boeing 747', 63)
INSERT INTO AIRPLANE VALUES(7777, 'Airbus A380', 57)
INSERT INTO AIRPLANE VALUES(8888, 'Boeing 787', 50)
INSERT INTO AIRPLANE VALUES(9999, 'Hawker 4000', 95)
INSERT INTO AIRPLANE VALUES(1234, 'Boeing 777', 66)
INSERT INTO AIRPLANE VALUES(4321, 'Cessna CJ2', 95)
INSERT INTO AIRPLANE VALUES(9876, 'Comac C919', 24)
INSERT INTO AIRPLANE VALUES(6789, 'Cessna CJ2', 21)
INSERT INTO AIRPLANE VALUES(2345, 'Boeing 777', 10)
INSERT INTO AIRPLANE VALUES(5432, 'Cessna XLS', 21)
INSERT INTO AIRPLANE VALUES(3456, 'Hawker 850XP', 36)
INSERT INTO AIRPLANE VALUES(6543, 'Boeing 747', 22)
INSERT INTO AIRPLANE VALUES(4567, 'Dassault 8X', 48)
INSERT INTO AIRPLANE VALUES(7654, 'Phenom 100', 55)
INSERT INTO AIRPLANE VALUES(5678, 'Comac C919', 71)
INSERT INTO AIRPLANE VALUES(1122, 'Airbus A380', 79)
INSERT INTO AIRPLANE VALUES(2211, 'Boeing 777', 79)



INSERT INTO PERSON VALUES('666666601', 'Bob', 'Bender', '8794 Garfield', 'Chicago, IL', 03315241921)
INSERT INTO PERSON VALUES('333333300', 'Kim', 'Montoya', '6677 Mills Ave', 'Sacramento, CA', 03645123159)
INSERT INTO PERSON VALUES('222222205', 'James', 'Borg', '450 Stone, Houston', 'TX', 03454221233)
INSERT INTO PERSON VALUES('444444400', 'Alicia', 'Zelanya', '4333 Pillsbury', 'Milwaukee, WI', 03373642149)
INSERT INTO PERSON VALUES('222222200', 'Jennifer', 'Wallace', '134 Pelham', 'Milwaukee, WI', 03018302106)
INSERT INTO PERSON VALUES('111111100', 'Tom', 'Brand', '123 Peachtree', 'Atlanta, GA', 03431649825)
INSERT INTO PERSON VALUES('555555500', 'Jenny', 'Vos', '7676 Bloomington', 'Sacramento, CA', 03088430290)
INSERT INTO PERSON VALUES('222222202', 'Grace', 'Carter', '1967 Jordan', 'Milwaukee, WI', 03223951490)
INSERT INTO PERSON VALUES('222222207', 'Jeff', 'Chase', '176 Main St.', 'Atlanta, GA', 03437859453)
INSERT INTO PERSON VALUES('111111103', 'Bonnie', 'Bays', '266 McGrady', 'Milwaukee, WI', 03333740933)
INSERT INTO PERSON VALUES('111111104', 'Sam', 'Snedden', '2342 May', 'Atlanta, GA', 03558708083)
INSERT INTO PERSON VALUES('222222201', 'Jill', 'Jarvis', '111 Allgood', 'Atlanta, GA', 03309923614)
INSERT INTO PERSON VALUES('222222203', 'Kate', 'Sneden', '980 Dallas', 'Houston, TX', 03044414431)
INSERT INTO PERSON VALUES('111111102', 'Amy', 'Willson', '5631 Rice', 'Houston, TX', 03645429457)
INSERT INTO PERSON VALUES('111111101', 'Billie', 'Kramer', '971 Fire Oak', 'Los Angeles, CA', 03649128977)
INSERT INTO PERSON VALUES('987987987', 'Gerald', 'Leclerc', '3321 Castle', 'Los Angeles, CA', 03029221588)
INSERT INTO PERSON VALUES('987654321', 'Helga', 'Pataki', '731 Fondren', 'Houston, TX', 03058602972)
INSERT INTO PERSON VALUES('453453453', 'Naveen', 'Drew', '196 Elm Street', 'Miami, FL', 03645325171)
INSERT INTO PERSON VALUES('333445555', 'Carl', 'Reedy', '433 Main Street', 'Miami, FL', 03354476258)
INSERT INTO PERSON VALUES('666884444', 'Reed', 'Bacher', '213 Ball St', 'Philadelphia, PA', 03649579257)
INSERT INTO PERSON VALUES('333444555', 'Sammy', 'Hall', '198 Elm St', 'Philadelphia, PA', 03042147112)
INSERT INTO PERSON VALUES('999887777', 'Arnold', 'Wagnar', '101 Holyoke St', 'Dallas, TX', 03253078099)
INSERT INTO PERSON VALUES('987654320', 'Ray', 'Smith', '233 Spring St', 'Dallas, TX', 03358681979)
INSERT INTO PERSON VALUES('123456789', 'Lyle', 'Leslie', '213 Delk Road', 'Seattle, WA', 03429223574)
INSERT INTO PERSON VALUES('333333301', 'Sarah', 'Howard', '1988 Windy Creek', 'Seattle, WA', 03486243375)
INSERT INTO PERSON VALUES('333333302', 'Alec', 'Chase', '556 Washington', 'Chicago, IL', 03329172081)
INSERT INTO PERSON VALUES('444444401', 'Chase', 'Wallace', '417 Hancock Ave', 'Chicago, IL', 03366639449)
INSERT INTO PERSON VALUES('888665555', 'Joyce', 'English', '1976 Boone Trace', 'Chicago, IL', 03078136428)
INSERT INTO PERSON VALUES('444444403', 'Jon', 'Jones', '6234 Lincoln', 'Chicago, IL', 03347743405)
INSERT INTO PERSON VALUES('555555506', 'Mark', 'Justin', '222 Howard', 'Sacramento, CA', 03641897519)
INSERT INTO PERSON VALUES('666666602', 'Emma', 'Stone', '987 Windy St', 'Milwaukee, WI', 03047590994)
INSERT INTO PERSON VALUES('666666600', 'Josh', 'Zell', '233 Solid', 'Milwaukee, WI', 03053815526)
INSERT INTO PERSON VALUES('666666607', 'Ellie', 'Max', '111 Hollow', 'Milwaukee, WI', 03151528803)
INSERT INTO PERSON VALUES('666666605', 'Andy', 'Vile', '145 Bradbury', 'Sacramento, CA', 03157843729)
INSERT INTO PERSON VALUES('666666612', 'John', 'James', '565 Jordan', 'Milwaukee, WI', 03476112423)
INSERT INTO PERSON VALUES('666666613', 'Evan', 'Wallis', '263 Mayberry', 'Milwaukee, WI', 03555321055)
INSERT INTO PERSON VALUES('666666611', 'Michael', 'Joy', '638 Voss', 'Houston, TX', 03555718619)
INSERT INTO PERSON VALUES('666666610', 'Alice', 'Abner', '291 Berry', 'Los Angeles, CA', 03488445014)
INSERT INTO PERSON VALUES('666666609', 'Elizabeth', 'Theodore', '731 Fondren', 'Houston, TX', 03224813893)
INSERT INTO PERSON VALUES('666666608', 'Tommy', 'Chris', '3321 Castle', 'Spring, TX', 03370779820)
INSERT INTO PERSON VALUES ('234567890', 'Jane', 'Smith', '456 Oak Ave', 'Chicago, IL', 03375552345);
INSERT INTO PERSON VALUES ('345678901', 'Bob', 'Johnson', '789 Pine Rd', 'Sacramento, CA', 03225553456);
INSERT INTO PERSON VALUES ('456789012', 'Sarah', 'Williams', '321 Elm St', 'Seattle, WA', 03485554567);
INSERT INTO PERSON VALUES ('567890123', 'Mike', 'Davis', '654 Maple Ave', 'Houston, TX', 03225555678);
INSERT INTO PERSON VALUES ('678901234', 'Emily', 'Taylor', '987 Cedar Dr', 'Chicago, IL', 03485556789);
INSERT INTO PERSON VALUES ('789012345', 'David', 'Brown', '246 Birch Rd', 'Seattle, WA', 03375557890);
INSERT INTO PERSON VALUES ('901234567', 'Chris', 'Jones', '582 Pine St', 'Houston, TX', 03475559012);
INSERT INTO PERSON VALUES ('012345678', 'Melissa', 'Miller', '795 Oak Dr', 'Miami, FL', 03045550123);



INSERT INTO PILOT VALUES('444444400', '2ZR6Z', 'Student Pilot License')
INSERT INTO PILOT VALUES('222222202', 'T29XX', 'Recreational Pilot License')
INSERT INTO PILOT VALUES('111111100', 'OFYDM', 'Commercial Pilot License')
INSERT INTO PILOT VALUES('555555506', 'WJVLO', 'Private Pilot License')
INSERT INTO PILOT VALUES('666666610', '6YWS5', 'Cargo Transport Pilot License')
INSERT INTO PILOT VALUES('453453453', '2IXEI', 'Commercial Pilot License')
INSERT INTO PILOT VALUES('123456789', 'GOQ0F', 'Private Pilot License')
INSERT INTO PILOT VALUES('987654320', 'GNUQA', 'Commercial Pilot License')
INSERT INTO PILOT VALUES('666666609', 'LYCPL', 'Cargo Transport Pilot License')
INSERT INTO PILOT VALUES('222222203', 'E0676', 'Commercial Pilot License')
INSERT INTO PILOT VALUES('666666602', '9ZUZK', 'Private Pilot License')
INSERT INTO PILOT VALUES('222222201', 'TS368', 'Student Pilot License')
INSERT INTO PILOT VALUES('111111103', '2JUPE', 'Cargo Transport Pilot License')
INSERT INTO PILOT VALUES('111111104', '13H14', 'Commercial Pilot License')
INSERT INTO PILOT VALUES('111111101', 'ELZ90', 'Private Pilot License')
INSERT INTO PILOT VALUES('987987987', 'Q9PO7', 'Commercial Pilot License')
INSERT INTO PILOT VALUES('333445555', 'U6X0H', 'Commercial Pilot License')
INSERT INTO PILOT VALUES('666884444', 'R73GE', 'Private Pilot License')
INSERT INTO PILOT VALUES('333444555', 'U9QKI', 'Student Pilot License')
INSERT INTO PILOT VALUES('987654321', 'Q1CRI', 'Recreational Pilot License')
 


INSERT INTO EMPLOYEE VALUES ('666666601', 50000.00, 'Night');
INSERT INTO EMPLOYEE VALUES ('333333300', 65000.00, 'Day');
INSERT INTO EMPLOYEE VALUES ('222222205', 45000.00, 'Night');
INSERT INTO EMPLOYEE VALUES ('222222200', 55000.00, 'Day');
INSERT INTO EMPLOYEE VALUES ('333333301', 60000.00, 'Night');
INSERT INTO EMPLOYEE VALUES ('444444401', 70000.00, 'Day');
INSERT INTO EMPLOYEE VALUES ('888665555', 48000.00, 'Day');
INSERT INTO EMPLOYEE VALUES ('444444403', 55000.00, 'Night');
INSERT INTO EMPLOYEE VALUES ('666666600', 60000.00, 'Day');
INSERT INTO EMPLOYEE VALUES ('666666612', 53000.00, 'Night');
INSERT INTO EMPLOYEE VALUES ('666666611', 48000.00, 'Day');
INSERT INTO EMPLOYEE VALUES ('666666608', 62000.00, 'Night');
INSERT INTO EMPLOYEE VALUES ('234567890', 58000.00, 'Day');
INSERT INTO EMPLOYEE VALUES ('012345678', 54000.00, 'Day');
INSERT INTO EMPLOYEE VALUES ('345678901', 67000.00, 'Night');
INSERT INTO EMPLOYEE VALUES ('456789012', 52000.00, 'Day');
INSERT INTO EMPLOYEE VALUES ('567890123', 59000.00, 'Night');
INSERT INTO EMPLOYEE VALUES ('678901234', 63000.00, 'Day');
INSERT INTO EMPLOYEE VALUES ('789012345', 49000.00, 'Day');
INSERT INTO EMPLOYEE VALUES ('901234567', 64000.00, 'Night');




INSERT INTO SERVICE VALUES(1, 1111, 110, 4, 'C', '2023-03-01');
INSERT INTO SERVICE VALUES(2, 2222, 102, 2, 'C', '2023-03-03');
INSERT INTO SERVICE VALUES(3, 3333, 103, 1, 'C', '2023-03-05');
INSERT INTO SERVICE VALUES(4, 4444, 104, 3, 'C', '2023-03-08');
INSERT INTO SERVICE VALUES(5, 5555, 105, 2, 'C', '2023-03-11');
INSERT INTO SERVICE VALUES(6, 6666, 106, 1, 'C', '2023-03-13');
INSERT INTO SERVICE VALUES(7, 7777, 107, 3, 'C', '2023-03-16');
INSERT INTO SERVICE VALUES(8, 8888, 108, 4, 'C', '2023-03-19');
INSERT INTO SERVICE VALUES(9, 9999, 109, 2, 'C', '2023-03-21');
INSERT INTO SERVICE VALUES(10, 1234, 101, 1, 'C', '2023-03-23');
INSERT INTO SERVICE VALUES(11, 4321, 102, 3, 'U', '2023-03-25');
INSERT INTO SERVICE VALUES(12, 9876, 104, 2, 'U', '2023-03-28');
INSERT INTO SERVICE VALUES(13, 6789, 106, 1, 'U', '2023-03-30');
INSERT INTO SERVICE VALUES(14, 2345, 108, NULL, 'S', '2023-04-01');
INSERT INTO SERVICE VALUES(15, 5432, 107, NULL, 'S', '2023-04-03');
INSERT INTO SERVICE VALUES(16, 3456, 103, NULL, 'S', '2023-04-06');
INSERT INTO SERVICE VALUES(17, 6543, 105, NULL, 'S', '2023-04-09');
INSERT INTO SERVICE VALUES(18, 4567, 107, NULL, 'S', '2023-04-11');
INSERT INTO SERVICE VALUES(19, 2222, 109, NULL, 'S', '2023-04-14');
INSERT INTO SERVICE VALUES(20, 1111, 102, NULL, 'S', '2023-04-17');
INSERT INTO SERVICE VALUES(21, 1111, 105, NULL, 'C', '2023-03-07');



INSERT INTO OWNED_BY VALUES(1111, '2023-03-29', NULL, 'OLDSLFO', NULL)
INSERT INTO OWNED_BY VALUES(5678, '2022-02-15', NULL, '29GCW7K', NULL)
INSERT INTO OWNED_BY VALUES(9876, '2022-03-05', NULL, '042ACM1', '29GCW7K')
INSERT INTO OWNED_BY VALUES(3333, '2022-04-10', NULL, 'YB70MST', 'OLDSLFO')
INSERT INTO OWNED_BY VALUES(8888, '2022-08-25', NULL, 'BATGSJM', 'VC64CNY')
INSERT INTO OWNED_BY VALUES(7777, '2023-01-15', NULL, 'VC64CNY', NULL) 
INSERT INTO OWNED_BY VALUES(6543, '2023-03-01', NULL, '436MRWH', '29GCW7K')
INSERT INTO OWNED_BY VALUES(6666, '2023-03-10', NULL, 'EPSUO5G', 'OLDSLFO')
INSERT INTO OWNED_BY VALUES(2222, '2023-03-05', NULL, 'RMBZ0EY', NULL)
INSERT INTO OWNED_BY VALUES(1234, '2023-02-25', NULL, 'B0NP3NQ', NULL)
INSERT INTO OWNED_BY VALUES(1234, '2023-02-25', NULL, '29GCW7K', NULL)
INSERT INTO OWNED_BY VALUES(2345, '2022-08-25', '666666605', NULL, 'OLDSLFO')
INSERT INTO OWNED_BY VALUES(7654, '2022-05-20', '333333302', NULL, 'YB70MST')
INSERT INTO OWNED_BY VALUES(4567, '2022-06-01', '666666607', NULL, '29GCW7K')
INSERT INTO OWNED_BY VALUES(3456, '2023-07-15', '666666613', NULL, 'BATGSJM')
INSERT INTO OWNED_BY VALUES(5432, '2022-09-05', '666666602', NULL, 'BATGSJM')
INSERT INTO OWNED_BY VALUES(6789, '2022-10-10', '555555500', NULL, 'OLDSLFO')
INSERT INTO OWNED_BY VALUES(4321, '2022-11-20', '222222203', NULL, 'KIERO4J')
INSERT INTO OWNED_BY VALUES(9999, '2022-02-01', '123456789', NULL, '29GCW7K')
INSERT INTO OWNED_BY VALUES(5555, '2023-01-15', '666666609', NULL, '3MTP20G')
INSERT INTO OWNED_BY VALUES(4444, '2023-03-20', '666666610', NULL, 'OLDSLFO')
INSERT INTO OWNED_BY VALUES(1122, '2023-03-18', '666666602', NULL, 'OLDSLFO')



INSERT INTO MAINTAIN VALUES('666666601', 1)
INSERT INTO MAINTAIN VALUES('333333300', 2)
INSERT INTO MAINTAIN VALUES('333333300', 3)
INSERT INTO MAINTAIN VALUES('222222200', 4)
INSERT INTO MAINTAIN VALUES('333333301', 5)
INSERT INTO MAINTAIN VALUES('444444401', 6)
INSERT INTO MAINTAIN VALUES('888665555', 7)
INSERT INTO MAINTAIN VALUES('444444403', 8)
INSERT INTO MAINTAIN VALUES('666666600', 9)
INSERT INTO MAINTAIN VALUES('666666612', 10)
INSERT INTO MAINTAIN VALUES('666666611', 11)
INSERT INTO MAINTAIN VALUES('666666608', 12)
INSERT INTO MAINTAIN VALUES('234567890', 13)
INSERT INTO MAINTAIN VALUES('012345678', 14)
INSERT INTO MAINTAIN VALUES('345678901', 15)
INSERT INTO MAINTAIN VALUES('567890123', 16)
INSERT INTO MAINTAIN VALUES('456789012', 17)
INSERT INTO MAINTAIN VALUES('678901234', 18)
INSERT INTO MAINTAIN VALUES('789012345', 19)
INSERT INTO MAINTAIN VALUES('901234567', 20)



INSERT INTO FLIES VALUES('111111100', 'Airbus A380')
INSERT INTO FLIES VALUES('987654320', 'Boeing 747')
INSERT INTO FLIES VALUES('111111104', 'Boeing 777')
INSERT INTO FLIES VALUES('222222203', 'Airbus A340')
INSERT INTO FLIES VALUES('453453453', 'Boeing 747')
INSERT INTO FLIES VALUES('987987987', 'Airbus A380')
INSERT INTO FLIES VALUES('333445555', 'Boeing 747')
INSERT INTO FLIES VALUES('666884444', 'Hawker 850XP')
INSERT INTO FLIES VALUES('111111101', 'Hawker 4000')
INSERT INTO FLIES VALUES('666666602', 'Embraer 600')
INSERT INTO FLIES VALUES('123456789', 'Embraer 500')
INSERT INTO FLIES VALUES('555555506', 'Phenom 100')
INSERT INTO FLIES VALUES('666666610', 'Dassault 8X')
INSERT INTO FLIES VALUES('666666609', 'Comac ARJ21')
INSERT INTO FLIES VALUES('111111103', 'Comac C919')
INSERT INTO FLIES VALUES('333444555', 'Dassault 8X')
INSERT INTO FLIES VALUES('222222201', 'Cessna XLS')
INSERT INTO FLIES VALUES('444444400', 'Cessna CJ2')
INSERT INTO FLIES VALUES('987654321', 'Phenom 100')
INSERT INTO FLIES VALUES('222222202', 'Phenom 100')
INSERT INTO FLIES VALUES('987654320', 'Airbus A380')
INSERT INTO FLIES VALUES('222222203', 'Boeing 747')
INSERT INTO FLIES VALUES('987654320', 'Boeing 777')
INSERT INTO FLIES VALUES('987654320', 'Airbus A340')
INSERT INTO FLIES VALUES('333445555', 'Boeing 737')
INSERT INTO FLIES VALUES('453453453', 'Airbus A380')
INSERT INTO FLIES VALUES('987987987', 'Boeing 787')
INSERT INTO FLIES VALUES('987654320', 'Hawker 850XP')
INSERT INTO FLIES VALUES('666666602', 'Hawker 4000')
INSERT INTO FLIES VALUES('666884444', 'Embraer 600')
INSERT INTO FLIES VALUES('666666602', 'Embraer 500')
INSERT INTO FLIES VALUES('666884444', 'Phenom 100')
INSERT INTO FLIES VALUES('111111103', 'Dassault 8X')
INSERT INTO FLIES VALUES('111111103', 'Comac ARJ21')
INSERT INTO FLIES VALUES('111111103', 'Comac C919')
INSERT INTO FLIES VALUES('666666609', 'Dassault 8X')
INSERT INTO FLIES VALUES('666666602', 'Cessna XLS')
INSERT INTO FLIES VALUES('987654321', 'Cessna CJ2')
INSERT INTO FLIES VALUES('111111103', 'Phenom 100')
INSERT INTO FLIES VALUES('111111103', 'Phenom 100')



INSERT INTO WORKS_ON VALUES('666666601', 'Airbus A380')
INSERT INTO WORKS_ON VALUES('333333300', 'Boeing 747')
INSERT INTO WORKS_ON VALUES('222222205', 'Airbus A380')
INSERT INTO WORKS_ON VALUES('222222200', 'Airbus A380')
INSERT INTO WORKS_ON VALUES('333333301', 'Comac ARJ21')
INSERT INTO WORKS_ON VALUES('444444401', 'Boeing 747')
INSERT INTO WORKS_ON VALUES('888665555', 'Hawker 850XP')
INSERT INTO WORKS_ON VALUES('444444403', 'Boeing 747')
INSERT INTO WORKS_ON VALUES('666666600', 'Boeing 777')
INSERT INTO WORKS_ON VALUES('666666612', 'Airbus A380')
INSERT INTO WORKS_ON VALUES('666666611', 'Cessna CJ2')
INSERT INTO WORKS_ON VALUES('666666608', 'Dassault 8X')
INSERT INTO WORKS_ON VALUES('234567890', 'Cessna XLS')
INSERT INTO WORKS_ON VALUES('012345678', 'Embraer 600')
INSERT INTO WORKS_ON VALUES('345678901', 'Phenom 100')
INSERT INTO WORKS_ON VALUES('456789012', 'Airbus A340')
INSERT INTO WORKS_ON VALUES('567890123', 'Dassault 8X')
INSERT INTO WORKS_ON VALUES('678901234', 'Airbus A340')
INSERT INTO WORKS_ON VALUES('789012345', 'Comac ARJ21')
INSERT INTO WORKS_ON VALUES('901234567', 'Boeing 777')
